1,hardik1,hard1,hardik.com,1,10-03-2022 13:29,NULL
2,hardik2,hard2,hardik.com,1,10-03-2022 13:29,NULL
3,hardik3,hard3,hardik.com,1,10-03-2022 13:29,NULL
4,hardik4,hard4,hardik.com,1,10-03-2022 13:29,NULL
5,hardik5,hard5,hardik.com,1,10-03-2022 13:29,NULL
6,hardik6,hard6,hardik.com,1,10-03-2022 13:29,NULL
7,hardik7,hard7,hardik.com,1,10-03-2022 13:29,NULL
8,hardik8,hard8,hardik.com,1,10-03-2022 13:29,NULL
9,hardik9,hard9,hardik.com,1,10-03-2022 13:29,NULL
10,hardik10,hard10,hardik.com,1,10-03-2022 13:29,NULL
11,hardik11,hard11,hardik.com,1,10-03-2022 13:29,NULL
12,hardik12,hard12,hardik.com,1,10-03-2022 13:29,NULL
13,hardik13,hard13,hardik.com,1,10-03-2022 13:29,NULL
14,hardik14,hard14,hardik.com,1,10-03-2022 13:29,NULL
15,hardik15,hard15,hardik.com,1,10-03-2022 13:29,NULL
16,hardik16,hard16,hardik.com,1,10-03-2022 13:29,NULL
17,hardik17,hard17,hardik.com,1,10-03-2022 13:29,NULL
18,hardik18,hard18,hardik.com,1,10-03-2022 13:29,NULL
19,hardik19,hard19,hardik.com,1,10-03-2022 13:29,NULL
20,hardik20,hard20,hardik.com,1,10-03-2022 13:29,NULL
21,hardik21,hard21,hardik.com,1,10-03-2022 13:29,NULL
22,hardik22,hard22,hardik.com,1,10-03-2022 13:29,NULL
23,hardik23,hard23,hardik.com,1,10-03-2022 13:29,NULL
24,hardik24,hard24,hardik.com,1,10-03-2022 13:29,NULL
25,hardik25,hard25,hardik.com,1,10-03-2022 13:29,NULL
26,hardik26,hard26,hardik.com,1,10-03-2022 13:29,NULL
27,hardik27,hard27,hardik.com,1,10-03-2022 13:29,NULL
28,hardik28,hard28,hardik.com,1,10-03-2022 13:29,NULL
29,hardik29,hard29,hardik.com,1,10-03-2022 13:29,NULL
30,hardik30,hard30,hardik.com,1,10-03-2022 13:29,NULL
31,hardik31,hard31,hardik.com,1,10-03-2022 13:29,NULL
32,hardik32,hard32,hardik.com,1,10-03-2022 13:29,NULL
33,hardik33,hard33,hardik.com,1,10-03-2022 13:29,NULL
34,hardik34,hard34,hardik.com,1,10-03-2022 13:29,NULL
35,hardik35,hard35,hardik.com,1,10-03-2022 13:29,NULL
36,hardik36,hard36,hardik.com,1,10-03-2022 13:29,NULL
37,hardik37,hard37,hardik.com,1,10-03-2022 13:29,NULL
38,hardik38,hard38,hardik.com,1,10-03-2022 13:29,NULL
39,hardik39,hard39,hardik.com,1,10-03-2022 13:29,NULL
40,hardik40,hard40,hardik.com,1,10-03-2022 13:29,NULL
41,hardik41,hard41,hardik.com,1,10-03-2022 13:29,NULL
42,hardik42,hard42,hardik.com,1,10-03-2022 13:29,NULL
43,hardik43,hard43,hardik.com,1,10-03-2022 13:29,NULL
44,hardik44,hard44,hardik.com,1,10-03-2022 13:29,NULL
45,hardik45,hard45,hardik.com,1,10-03-2022 13:29,NULL
46,hardik46,hard46,hardik.com,1,10-03-2022 13:29,NULL
47,hardik47,hard47,hardik.com,1,10-03-2022 13:29,NULL
48,hardik48,hard48,hardik.com,1,10-03-2022 13:29,NULL
49,hardik49,hard49,hardik.com,1,10-03-2022 13:29,NULL
50,hardik50,hard50,hardik.com,1,10-03-2022 13:29,NULL
51,hardik51,hard51,hardik.com,1,10-03-2022 13:29,NULL
52,hardik52,hard52,hardik.com,1,10-03-2022 13:29,NULL
53,hardik53,hard53,hardik.com,1,10-03-2022 13:29,NULL
54,hardik54,hard54,hardik.com,1,10-03-2022 13:29,NULL
55,hardik55,hard55,hardik.com,1,10-03-2022 13:29,NULL
56,hardik56,hard56,hardik.com,1,10-03-2022 13:29,NULL
57,hardik57,hard57,hardik.com,1,10-03-2022 13:29,NULL
58,hardik58,hard58,hardik.com,1,10-03-2022 13:29,NULL
59,hardik59,hard59,hardik.com,1,10-03-2022 13:29,NULL
60,hardik60,hard60,hardik.com,1,10-03-2022 13:29,NULL
61,hardik61,hard61,hardik.com,1,10-03-2022 13:29,NULL
62,hardik62,hard62,hardik.com,1,10-03-2022 13:29,NULL
63,hardik63,hard63,hardik.com,1,10-03-2022 13:29,NULL
64,hardik64,hard64,hardik.com,1,10-03-2022 13:29,NULL
65,hardik65,hard65,hardik.com,1,10-03-2022 13:29,NULL
66,hardik66,hard66,hardik.com,1,10-03-2022 13:29,NULL
67,hardik67,hard67,hardik.com,1,10-03-2022 13:29,NULL
68,hardik68,hard68,hardik.com,1,10-03-2022 13:29,NULL
69,hardik69,hard69,hardik.com,1,10-03-2022 13:29,NULL
70,hardik70,hard70,hardik.com,1,10-03-2022 13:29,NULL
71,hardik71,hard71,hardik.com,1,10-03-2022 13:29,NULL
72,hardik72,hard72,hardik.com,1,10-03-2022 13:29,NULL
73,hardik73,hard73,hardik.com,1,10-03-2022 13:29,NULL
74,hardik74,hard74,hardik.com,1,10-03-2022 13:29,NULL
75,hardik75,hard75,hardik.com,1,10-03-2022 13:29,NULL
76,hardik76,hard76,hardik.com,1,10-03-2022 13:29,NULL
77,hardik77,hard77,hardik.com,1,10-03-2022 13:29,NULL
78,hardik78,hard78,hardik.com,1,10-03-2022 13:29,NULL
79,hardik79,hard79,hardik.com,1,10-03-2022 13:29,NULL
80,hardik80,hard80,hardik.com,1,10-03-2022 13:29,NULL
81,hardik81,hard81,hardik.com,1,10-03-2022 13:29,NULL
82,hardik82,hard82,hardik.com,1,10-03-2022 13:29,NULL
83,hardik83,hard83,hardik.com,1,10-03-2022 13:29,NULL
84,hardik84,hard84,hardik.com,1,10-03-2022 13:29,NULL
85,hardik85,hard85,hardik.com,1,10-03-2022 13:29,NULL
86,hardik86,hard86,hardik.com,1,10-03-2022 13:29,NULL
87,hardik87,hard87,hardik.com,1,10-03-2022 13:29,NULL
88,hardik88,hard88,hardik.com,1,10-03-2022 13:29,NULL
89,hardik89,hard89,hardik.com,1,10-03-2022 13:29,NULL
90,hardik90,hard90,hardik.com,1,10-03-2022 13:29,NULL
91,hardik91,hard91,hardik.com,1,10-03-2022 13:29,NULL
92,hardik92,hard92,hardik.com,1,10-03-2022 13:29,NULL
93,hardik93,hard93,hardik.com,1,10-03-2022 13:29,NULL
94,hardik94,hard94,hardik.com,1,10-03-2022 13:29,NULL
95,hardik95,hard95,hardik.com,1,10-03-2022 13:29,NULL
96,hardik96,hard96,hardik.com,1,10-03-2022 13:29,NULL
97,hardik97,hard97,hardik.com,1,10-03-2022 13:29,NULL
98,hardik98,hard98,hardik.com,1,10-03-2022 13:29,NULL
99,hardik99,hard99,hardik.com,1,10-03-2022 13:29,NULL
100,hardik100,hard100,hardik.com,1,10-03-2022 13:29,NULL
101,hardik101,hard101,hardik.com,1,10-03-2022 13:29,NULL
102,hardik102,hard102,hardik.com,1,10-03-2022 13:29,NULL
103,hardik103,hard103,hardik.com,1,10-03-2022 13:29,NULL
104,hardik104,hard104,hardik.com,1,10-03-2022 13:29,NULL
