index,name,descriprion,link,is_featured,sort_order,faar,frwwq
1,,this is des,men.com,1,1,32,dw
2,hardik2,this is des,men.com,1,2,32,dw
3,hardik3,this is des,men.com,1,3,32,dw
4,hardik4,this is des,men.com,ddd,4,32,dw
5,hardik5,this is des,men.com,1,5,32,dw
6,hardik6,this is des,men.com,1,6,32,dw
7,hardik7,this is des,men.com,1,7,32,dw
8,hardik8,this is des,men.com,1,wrw,32,dw
9,hardik9,this is des,men.com,1,9,32,dw
10,hardik10,this is des,men.com,1,10,32,dw
11,hardik11,this is des,men.com,1,11,32,dw
12,hardik12,this is des,men.com,1,12,32,dw
13,hardik13,this is des,men.com,1,13,32,dw
14,hardik14,this is des,men.com,1,14,32,dw
15,hardik15,this is des,men.com,1,15,32,dw
16,hardik16,this is des,men.com,1,16,32,dw
17,hardik17,this is des,men.com,1,17,32,dw
18,hardik18,this is des,men.com,1,18,32,dw
19,hardik19,this is des,men.com,1,19,32,dw
20,hardik20,this is des,men.com,1,20,32,dw
21,hardik21,this is des,men.com,1,21,32,dw
22,hardik22,this is des,men.com,1,22,32,dw
23,hardik23,this is des,men.com,1,23,32,dw
24,hardik24,this is des,men.com,1,24,32,dw
25,hardik25,this is des,men.com,1,25,32,dw
26,hardik26,this is des,men.com,1,26,32,dw
27,hardik27,this is des,men.com,1,27,32,dw
28,hardik28,this is des,men.com,1,28,32,dw
29,hardik29,this is des,men.com,1,29,32,dw
30,hardik30,this is des,men.com,1,30,32,dw
31,hardik31,this is des,men.com,1,31,32,dw
32,hardik32,this is des,men.com,1,32,32,dw
33,hardik33,this is des,men.com,1,33,32,dw
34,hardik34,this is des,men.com,1,34,32,dw
35,hardik35,this is des,men.com,1,35,32,dw
36,hardik36,this is des,men.com,1,36,32,dw
37,hardik37,this is des,men.com,1,37,32,dw
38,hardik38,this is des,men.com,1,38,32,dw
39,hardik39,this is des,men.com,1,39,32,dw
40,hardik40,this is des,men.com,1,40,32,dw
41,hardik41,this is des,men.com,1,41,32,dw
42,hardik42,this is des,men.com,1,42,32,dw
43,hardik43,this is des,men.com,1,43,32,dw
44,hardik44,this is des,men.com,1,44,32,dw
45,hardik45,this is des,men.com,1,45,32,dw
46,hardik46,this is des,men.com,1,46,32,dw
47,hardik47,this is des,men.com,1,47,32,dw
48,hardik48,this is des,men.com,1,48,32,dw
49,hardik49,this is des,men.com,1,49,32,dw
50,hardik50,this is des,men.com,1,50,32,dw
51,hardik51,this is des,men.com,1,51,32,dw
52,hardik52,this is des,men.com,1,52,32,dw
53,hardik53,this is des,men.com,1,53,32,dw
54,hardik54,this is des,men.com,1,54,32,dw
55,hardik55,this is des,men.com,1,55,32,dw
56,hardik56,this is des,men.com,1,56,32,dw
57,hardik57,this is des,men.com,1,57,32,dw
58,hardik58,this is des,men.com,1,58,32,dw
59,hardik59,this is des,men.com,1,59,32,dw
60,hardik60,this is des,men.com,1,60,32,dw
61,hardik61,this is des,men.com,1,61,32,dw
62,hardik62,this is des,men.com,1,62,32,dw
63,hardik63,this is des,men.com,1,63,32,dw
64,hardik64,this is des,men.com,1,64,32,dw
65,hardik65,this is des,men.com,1,65,32,dw
66,hardik66,this is des,men.com,1,66,32,dw
67,hardik67,this is des,men.com,1,67,32,dw
68,hardik68,this is des,men.com,1,68,32,dw
69,hardik69,this is des,men.com,1,69,32,dw
70,hardik70,this is des,men.com,1,70,32,dw
71,hardik71,this is des,men.com,1,71,32,dw
72,hardik72,this is des,men.com,1,72,32,dw
73,hardik73,this is des,men.com,1,73,32,dw
74,hardik74,this is des,men.com,1,74,32,dw
75,hardik75,this is des,men.com,1,75,32,dw
76,hardik76,this is des,men.com,1,76,32,dw
77,hardik77,this is des,men.com,1,77,32,dw
78,hardik78,this is des,men.com,1,78,32,dw
79,hardik79,this is des,men.com,1,79,32,dw
80,hardik80,this is des,men.com,1,80,32,dw
81,hardik81,this is des,men.com,1,81,32,dw
82,hardik82,this is des,men.com,1,82,32,dw
83,hardik83,this is des,men.com,1,83,32,dw
84,hardik84,this is des,men.com,1,84,32,dw
85,hardik85,this is des,men.com,1,85,32,dw
86,hardik86,this is des,men.com,1,86,32,dw
87,hardik87,this is des,men.com,1,87,32,dw
88,hardik88,this is des,men.com,1,88,32,dw
89,hardik89,this is des,men.com,1,89,32,dw
90,hardik90,this is des,men.com,1,90,32,dw
91,hardik91,this is des,men.com,1,91,32,dw
92,hardik92,this is des,men.com,1,92,32,dw
93,hardik93,this is des,men.com,1,93,32,dw
94,hardik94,this is des,men.com,1,94,32,dw
95,hardik95,this is des,men.com,1,95,32,dw
96,hardik96,this is des,men.com,1,96,32,dw
97,hardik97,this is des,men.com,1,97,32,dw
98,hardik98,this is des,men.com,1,98,32,dw
99,hardik99,this is des,men.com,1,99,32,dw
100,hardik100,this is des,men.com,1,100,32,dw
101,hardik101,this is des,men.com,1,101,32,dw
102,hardik102,this is des,men.com,1,102,32,dw
103,hardik103,this is des,men.com,1,103,32,dw
104,hardik104,this is des,men.com,1,104,32,dw
