"index","name","email","mobile"
"2","hardik2","hard2","99898889"
"5","hardik5","hard5","99898889"
"6","hardik6","hard6","99898889"
"7","hardik7","hard7","99898889"
"8","hardik8","hard8","99898889"
"9","hardik9","hard9","99898889"
"10","hardik10","hard10","99898889"
"11","hardik11","hard11","99898889"
"12","hardik12","hard12","99898889"
"13","hardik13","hard13","99898889"
"14","hardik14","hard14","99898889"
"15","hardik15","hard15","99898889"
"16","hardik16","hard16","99898889"
"17","hardik17","hard17","99898889"
"18","hardik18","hard18","99898889"
"19","hardik19","hard19","99898889"
"20","hardik20","hard20","99898889"
"21","hardik21","hard21","99898889"
"22","hardik22","hard22","99898889"
"23","hardik23","hard23","99898889"
"24","hardik24","hard24","99898889"
"25","hardik25","hard25","99898889"
"26","hardik26","hard26","99898889"
"27","hardik27","hard27","99898889"
"28","hardik28","hard28","99898889"
"29","hardik29","hard29","99898889"
"30","hardik30","hard30","99898889"
"31","hardik31","hard31","99898889"
"32","hardik32","hard32","99898889"
"33","hardik33","hard33","99898889"
"34","hardik34","hard34","99898889"
"35","hardik35","hard35","99898889"
"36","hardik36","hard36","99898889"
"37","hardik37","hard37","99898889"
"38","hardik38","hard38","99898889"
"39","hardik39","hard39","99898889"
"40","hardik40","hard40","99898889"
"41","hardik41","hard41","99898889"
"42","hardik42","hard42","99898889"
"43","hardik43","hard43","99898889"
"44","hardik44","hard44","99898889"
"45","hardik45","hard45","99898889"
"46","hardik46","hard46","99898889"
"47","hardik47","hard47","99898889"
"48","hardik48","hard48","99898889"
"49","hardik49","hard49","99898889"
"50","hardik50","hard50","99898889"
"51","hardik51","hard51","99898889"
"52","hardik52","hard52","99898889"
"53","hardik53","hard53","99898889"
"54","hardik54","hard54","99898889"
"55","hardik55","hard55","99898889"
"56","hardik56","hard56","99898889"
"57","hardik57","hard57","99898889"
"58","hardik58","hard58","99898889"
"59","hardik59","hard59","99898889"
"60","hardik60","hard60","99898889"
"61","hardik61","hard61","99898889"
"62","hardik62","hard62","99898889"
"63","hardik63","hard63","99898889"
"64","hardik64","hard64","99898889"
"65","hardik65","hard65","99898889"
"66","hardik66","hard66","99898889"
"67","hardik67","hard67","99898889"
"68","hardik68","hard68","99898889"
"69","hardik69","hard69","99898889"
"70","hardik70","hard70","99898889"
"71","hardik71","hard71","99898889"
"72","hardik72","hard72","99898889"
"73","hardik73","hard73","99898889"
"74","hardik74","hard74","99898889"
"75","hardik75","hard75","99898889"
"76","hardik76","hard76","99898889"
"77","hardik77","hard77","99898889"
"78","hardik78","hard78","99898889"
"79","hardik79","hard79","99898889"
"80","hardik80","hard80","99898889"
"81","hardik81","hard81","99898889"
"82","hardik82","hard82","99898889"
"83","hardik83","hard83","99898889"
"84","hardik84","hard84","99898889"
"85","hardik85","hard85","99898889"
"86","hardik86","hard86","99898889"
"87","hardik87","hard87","99898889"
"88","hardik88","hard88","99898889"
"89","hardik89","hard89","99898889"
"90","hardik90","hard90","99898889"
"91","hardik91","hard91","99898889"
"92","hardik92","hard92","99898889"
"93","hardik93","hard93","99898889"
"94","hardik94","hard94","99898889"
"95","hardik95","hard95","99898889"
"96","hardik96","hard96","99898889"
"97","hardik97","hard97","99898889"
"98","hardik98","hard98","99898889"
"99","hardik99","hard99","99898889"
"100","hardik100","hard100","99898889"
"101","hardik101","hard101","99898889"
"102","hardik102","hard102","99898889"
"103","hardik103","hard103","99898889"
"104","hardik104","hard104","99898889"
